es_code	es_name	gene_id	gene_id_type	confidence	evidence_source	functional_role	pathway_context	notes
2.1.1.1	Decomposing wastes or polluting substances	K00023	KO	0.6	foam	producer	08_Hydrocarbon degradation / Aromatic carboxylic acid degradation	phbB
2.1.1.1	Decomposing wastes or polluting substances	K00055	KO	0.6	foam	producer	08_Hydrocarbon degradation / Other aromatics degradation	E1.1.1.90
2.1.1.1	Decomposing wastes or polluting substances	K00120	KO	0.6	foam	producer	08_Hydrocarbon degradation / Polycyclic aromatic hydrocarbon degradation	fgd2
2.1.1.1	Decomposing wastes or polluting substances	K00128	KO	0.65	kegg_decoder+literature	producer	Aldehyde detoxification	ALDH aldehyde dehydrogenase NAD+; oxidizes toxic aldehydes from pollutant breakdown
2.1.1.1	Decomposing wastes or polluting substances	K00132	KO	0.6	foam	producer	08_Hydrocarbon degradation / Polycyclic aromatic hydrocarbon degradation	E1.2.1.10
2.1.1.1	Decomposing wastes or polluting substances	K00141	KO	0.6	foam	producer	08_Hydrocarbon degradation / Other aromatics degradation	xylC
2.1.1.1	Decomposing wastes or polluting substances	K00155	KO	0.6	foam	producer	08_Hydrocarbon degradation / Polycyclic aromatic hydrocarbon degradation	LNAA, LNBA
2.1.1.1	Decomposing wastes or polluting substances	K00224	KO	0.6	foam	producer	08_Hydrocarbon degradation / Polycyclic aromatic hydrocarbon degradation	CEQORH
2.1.1.1	Decomposing wastes or polluting substances	K00249	KO	0.70	kegg_decoder+literature	producer	Fatty acid degradation	acyl-CoA dehydrogenase; lipid contaminant breakdown (oils/fats)
2.1.1.1	Decomposing wastes or polluting substances	K00252	KO	0.6	foam	producer	08_Hydrocarbon degradation / Aromatic carboxylic acid degradation	GCDH, gcdH
2.1.1.1	Decomposing wastes or polluting substances	K00446	KO	0.9	kegg_decoder+foam	producer	Catechol meta-cleavage (xenobiotic degradation)	Catechol meta-cleavage (M00569); dmpB, xylE
2.1.1.1	Decomposing wastes or polluting substances	K00448	KO	0.6	foam	producer	08_Hydrocarbon degradation / Other aromatics degradation	pcaG
2.1.1.1	Decomposing wastes or polluting substances	K00449	KO	0.6	foam	producer	08_Hydrocarbon degradation / Polycyclic aromatic hydrocarbon degradation	pcaH
2.1.1.1	Decomposing wastes or polluting substances	K00450	KO	0.6	foam	producer	08_Hydrocarbon degradation / Aromatic carboxylic acid degradation	E1.13.11.4
2.1.1.1	Decomposing wastes or polluting substances	K00451	KO	0.6	foam	producer	08_Hydrocarbon degradation / Aromatic carboxylic acid degradation	HGD, hmgA
2.1.1.1	Decomposing wastes or polluting substances	K00452	KO	0.6	foam	producer	08_Hydrocarbon degradation / Nitoaromatics degradation	HAAO
2.1.1.1	Decomposing wastes or polluting substances	K00462	KO	0.80	literature:PMID:28258138	producer	Aromatic ring cleavage	protocatechuate 3,4-dioxygenase; aromatic ring opening via ortho-cleavage
2.1.1.1	Decomposing wastes or polluting substances	K00463	KO	0.80	literature:PMID:28258138	producer	Aromatic ring cleavage	tryptophan 2,3-dioxygenase; indole ring cleavage
2.1.1.1	Decomposing wastes or polluting substances	K00465	KO	0.6	foam	producer	08_Hydrocarbon degradation / Polycyclic aromatic hydrocarbon degradation	CCD1
2.1.1.1	Decomposing wastes or polluting substances	K00480	KO	0.75	literature:PMID:28258138	producer	4-Nitrophenol degradation	4-nitrophenol 4-monooxygenase; nitroaromatic degradation; Wang et al 2017
2.1.1.1	Decomposing wastes or polluting substances	K00481	KO	0.6	foam	producer	08_Hydrocarbon degradation / Aromatic carboxylic acid degradation	pobA
2.1.1.1	Decomposing wastes or polluting substances	K00488	KO	0.75	literature:PMID:33280938	producer	Xenobiotic oxidation	naphthalene 1,2-dioxygenase; PAH initial oxidation; Sphingopyxis bioremediation
2.1.1.1	Decomposing wastes or polluting substances	K00492	KO	0.6	foam	producer	08_Hydrocarbon degradation / Nitoaromatics degradation	tmuM
2.1.1.1	Decomposing wastes or polluting substances	K00517	KO	0.70	literature:PMID:26441948	producer	Xenobiotic oxidation	cytochrome P450 monooxygenase; broad xenobiotic oxidation; Tan et al 2015
2.1.1.1	Decomposing wastes or polluting substances	K00599	KO	0.6	foam	producer	08_Hydrocarbon degradation / Polycyclic aromatic hydrocarbon degradation	METTL6
2.1.1.1	Decomposing wastes or polluting substances	K00799	KO	0.70	kegg_decoder+literature	producer	Xenobiotic conjugation/detoxification	GST glutathione S-transferase; conjugates xenobiotics for detox; broad substrate (pesticides, metals, organics)
2.1.1.1	Decomposing wastes or polluting substances	K01061	KO	0.75	literature:PMID:33280938	producer	Ester bond hydrolysis	carboxylesterase; broad-spectrum xenobiotic ester hydrolysis
2.1.1.1	Decomposing wastes or polluting substances	K01255	KO	0.70	literature:PMID:33280938	producer	Xenobiotic peptide hydrolysis	aminopeptidase; broad xenobiotic peptide bond cleavage
2.1.1.1	Decomposing wastes or polluting substances	K01473	KO	0.6	foam	producer	08_Hydrocarbon degradation / BTEX and related aromatics degradation	hyuA
2.1.1.1	Decomposing wastes or polluting substances	K01501	KO	0.6	foam	producer	08_Hydrocarbon degradation / Other aromatics degradation	E3.5.5.1
2.1.1.1	Decomposing wastes or polluting substances	K01555	KO	0.6	foam	producer	08_Hydrocarbon degradation / Aromatic carboxylic acid degradation	FAH, fahA
2.1.1.1	Decomposing wastes or polluting substances	K01557	KO	0.6	foam	producer	08_Hydrocarbon degradation / Aromatic carboxylic acid degradation	FAHD1
2.1.1.1	Decomposing wastes or polluting substances	K01560	KO	0.80	literature:PMID:28258138	producer	Haloacid degradation	haloacid dehalogenase; cleaves C-halogen bonds; Wang et al 2017
2.1.1.1	Decomposing wastes or polluting substances	K01563	KO	0.80	literature:PMID:28258138	producer	Haloalkane degradation	haloalkane dehalogenase; dehalogenates chlorinated solvents
2.1.1.1	Decomposing wastes or polluting substances	K01572	KO	0.6	foam	producer	08_Hydrocarbon degradation / Aromatic carboxylic acid degradation	
2.1.1.1	Decomposing wastes or polluting substances	K01576	KO	0.6	foam	producer	08_Hydrocarbon degradation / Aromatic carboxylic acid degradation	mdlC
2.1.1.1	Decomposing wastes or polluting substances	K01586	KO	0.6	foam	producer	08_Hydrocarbon degradation / Aromatic carboxylic acid degradation	lysA
2.1.1.1	Decomposing wastes or polluting substances	K01590	KO	0.6	foam	producer	08_Hydrocarbon degradation / Aromatic carboxylic acid degradation	hdc, HDC
2.1.1.1	Decomposing wastes or polluting substances	K01617	KO	0.6	foam	producer	08_Hydrocarbon degradation / Chlorinated aromatics degradation	dmpH, xylI, nahK
2.1.1.1	Decomposing wastes or polluting substances	K01619	KO	0.6	foam	producer	08_Hydrocarbon degradation / Polycyclic aromatic hydrocarbon degradation	deoC, DERA
2.1.1.1	Decomposing wastes or polluting substances	K01666	KO	0.8	kegg_decoder	producer	Catechol meta-cleavage (xenobiotic degradation)	Catechol meta-cleavage (M00569)
2.1.1.1	Decomposing wastes or polluting substances	K01781	KO	0.6	foam	producer	08_Hydrocarbon degradation / Aromatic carboxylic acid degradation	mdlA
2.1.1.1	Decomposing wastes or polluting substances	K01800	KO	0.6	foam	producer	08_Hydrocarbon degradation / Aromatic carboxylic acid degradation	maiA, GSTZ1
2.1.1.1	Decomposing wastes or polluting substances	K01856	KO	0.9	kegg_decoder+foam	producer	Catechol ortho-cleavage (xenobiotic degradation)	Catechol ortho-cleavage (M00568); catB
2.1.1.1	Decomposing wastes or polluting substances	K01897	KO	0.60	kegg_decoder+literature	producer	Lipid/oil degradation	fadD long-chain acyl-CoA synthetase; activates fatty acids for beta-oxidation; hydrocarbon/oil remediation
2.1.1.1	Decomposing wastes or polluting substances	K03379	KO	0.6	foam	producer	08_Hydrocarbon degradation / Hydrocarbon degradation	chnB
2.1.1.1	Decomposing wastes or polluting substances	K03380	KO	0.6	foam	producer	08_Hydrocarbon degradation / Other aromatics degradation	E1.14.13.7
2.1.1.1	Decomposing wastes or polluting substances	K03381	KO	0.9	kegg_decoder+foam	producer	Catechol ortho-cleavage (xenobiotic degradation)	Catechol ortho-cleavage (M00568); catA
2.1.1.1	Decomposing wastes or polluting substances	K03384	KO	0.6	foam	producer	08_Hydrocarbon degradation / Polycyclic aromatic hydrocarbon degradation	
2.1.1.1	Decomposing wastes or polluting substances	K03464	KO	0.8	kegg_decoder	producer	Catechol ortho-cleavage (xenobiotic degradation)	Catechol ortho-cleavage (M00568)
2.1.1.1	Decomposing wastes or polluting substances	K04098	KO	0.6	foam	producer	08_Hydrocarbon degradation / Nitoaromatics degradation	chqB
2.1.1.1	Decomposing wastes or polluting substances	K04099	KO	0.6	foam	producer	08_Hydrocarbon degradation / Polycyclic aromatics degradation	desB, galA
2.1.1.1	Decomposing wastes or polluting substances	K04100	KO	0.75	literature:PMID:28258138	producer	Aromatic ring cleavage	biphenyl 2,3-dioxygenase; PCB degradation initial step
2.1.1.1	Decomposing wastes or polluting substances	K04102	KO	0.6	foam	producer	08_Hydrocarbon degradation / Aromatic carboxylic acid degradation	pht5
2.1.1.1	Decomposing wastes or polluting substances	K04110	KO	0.6	foam	producer	08_Hydrocarbon degradation / Aromatic carboxylic acid degradation	badA
2.1.1.1	Decomposing wastes or polluting substances	K05549	KO	0.6	foam	producer	08_Hydrocarbon degradation / Aromatic carboxylic acid degradation	benA-xylX
2.1.1.1	Decomposing wastes or polluting substances	K05550	KO	0.6	foam	producer	08_Hydrocarbon degradation / Aromatic carboxylic acid degradation	benB-xylY
2.1.1.1	Decomposing wastes or polluting substances	K05708	KO	0.6	foam	producer	08_Hydrocarbon degradation / Aromatic carboxylic acid degradation	hcaE, hcaA1
2.1.1.1	Decomposing wastes or polluting substances	K05709	KO	0.6	foam	producer	08_Hydrocarbon degradation / Aromatic carboxylic acid degradation	hcaF, hcaA2
2.1.1.1	Decomposing wastes or polluting substances	K05711	KO	0.6	foam	producer	08_Hydrocarbon degradation / Aromatic carboxylic acid degradation	hcaB
2.1.1.1	Decomposing wastes or polluting substances	K05797	KO	0.6	foam	producer	08_Hydrocarbon degradation / BTEX and related aromatics degradation	pchF
2.1.1.1	Decomposing wastes or polluting substances	K05823	KO	0.6	foam	producer	08_Hydrocarbon degradation / BTEX and related aromatics degradation	dapL
2.1.1.1	Decomposing wastes or polluting substances	K06912	KO	0.6	foam	producer	08_Hydrocarbon degradation / Chlorinated aromatics degradation	tfdA
2.1.1.1	Decomposing wastes or polluting substances	K07104	KO	0.8	kegg_decoder	producer	Catechol meta-cleavage (xenobiotic degradation)	Catechol meta-cleavage (M00569)
2.1.1.1	Decomposing wastes or polluting substances	K07519	KO	0.6	foam	producer	08_Hydrocarbon degradation / Polycyclic aromatic hydrocarbon degradation	
2.1.1.1	Decomposing wastes or polluting substances	K07824	KO	0.6	foam	producer	08_Hydrocarbon degradation / Aromatic carboxylic acid degradation	CYP53A1
2.1.1.1	Decomposing wastes or polluting substances	K08689	KO	0.6	foam	producer	08_Hydrocarbon degradation / Polycyclic aromatics degradation	bphAa, bphA1, bphA
2.1.1.1	Decomposing wastes or polluting substances	K10217	KO	0.6	foam	producer	08_Hydrocarbon degradation / BTEX and related aromatics degradation	dmpC, xylG, praB
2.1.1.1	Decomposing wastes or polluting substances	K10219	KO	0.70	literature:PMID:33280938	producer	Atrazine degradation	atzA atrazine chlorohydrolase; herbicide degradation
2.1.1.1	Decomposing wastes or polluting substances	K10220	KO	0.70	literature:PMID:33280938	producer	Atrazine degradation	atzB hydroxyatrazine ethylaminohydrolase; herbicide degradation
2.1.1.1	Decomposing wastes or polluting substances	K10221	KO	0.70	literature:PMID:33280938	producer	Atrazine degradation	atzC N-isopropylammelide isopropylaminohydrolase
2.1.1.1	Decomposing wastes or polluting substances	K10222	KO	0.75	literature:PMID:33280938	producer	Organophosphate degradation	organophosphorus hydrolase (opd); pesticide detoxification; Sharma et al 2020
2.1.1.1	Decomposing wastes or polluting substances	K10676	KO	0.6	foam	producer	08_Hydrocarbon degradation / Heterocyclic aromatics degradation	tfdB
2.1.1.1	Decomposing wastes or polluting substances	K11066	KO	0.6	foam	producer	08_Hydrocarbon degradation / Other aromatics degradation	E3.5.1.28D, amiD
2.1.1.1	Decomposing wastes or polluting substances	K11943	KO	0.6	foam	producer	08_Hydrocarbon degradation / Polycyclic aromatic hydrocarbon degradation	nidA
2.1.1.1	Decomposing wastes or polluting substances	K11944	KO	0.6	foam	producer	08_Hydrocarbon degradation / Polycyclic aromatic hydrocarbon degradation	nidB
2.1.1.1	Decomposing wastes or polluting substances	K11945	KO	0.6	foam	producer	08_Hydrocarbon degradation / Polycyclic aromatic hydrocarbon degradation	phdF
2.1.1.1	Decomposing wastes or polluting substances	K11946	KO	0.6	foam	producer	08_Hydrocarbon degradation / Polycyclic aromatic hydrocarbon degradation	phdG
2.1.1.1	Decomposing wastes or polluting substances	K11947	KO	0.6	foam	producer	08_Hydrocarbon degradation / Polycyclic aromatic hydrocarbon degradation	nidD
2.1.1.1	Decomposing wastes or polluting substances	K11948	KO	0.6	foam	producer	08_Hydrocarbon degradation / Polycyclic aromatic hydrocarbon degradation	phdI
2.1.1.1	Decomposing wastes or polluting substances	K11949	KO	0.6	foam	producer	08_Hydrocarbon degradation / Polycyclic aromatic hydrocarbon degradation	phdJ
2.1.1.1	Decomposing wastes or polluting substances	K12526	KO	0.6	foam	producer	08_Hydrocarbon degradation / Aromatic carboxylic acid degradation	lysAC
2.1.1.1	Decomposing wastes or polluting substances	K14269	KO	0.6	foam	producer	08_Hydrocarbon degradation / BTEX and related aromatics degradation	
2.1.1.1	Decomposing wastes or polluting substances	K14578	KO	0.6	foam	producer	08_Hydrocarbon degradation / Polycyclic aromatic hydrocarbon degradation	nahAb, nagAb, ndoA, nbzAb, dntAb
2.1.1.1	Decomposing wastes or polluting substances	K14579	KO	0.75	literature:PMID:26441948	producer	Aromatic ring cleavage	gentisate 1,2-dioxygenase; aromatic contaminant ring opening
2.1.1.1	Decomposing wastes or polluting substances	K14580	KO	0.6	foam	producer	08_Hydrocarbon degradation / Polycyclic aromatic hydrocarbon degradation	nahAd, ndoC, nbzAd, dntAd
2.1.1.1	Decomposing wastes or polluting substances	K14581	KO	0.6	foam	producer	08_Hydrocarbon degradation / Polycyclic aromatic hydrocarbon degradation	nahAa, nagAa, ndoR, nbzAa, dntAa
2.1.1.1	Decomposing wastes or polluting substances	K14582	KO	0.6	foam	producer	08_Hydrocarbon degradation / Polycyclic aromatic hydrocarbon degradation	nahB, doxE
2.1.1.1	Decomposing wastes or polluting substances	K14599	KO	0.6	foam	producer	08_Hydrocarbon degradation / Polycyclic aromatic hydrocarbon degradation	dbfA1
2.1.1.1	Decomposing wastes or polluting substances	K14600	KO	0.6	foam	producer	08_Hydrocarbon degradation / Polycyclic aromatic hydrocarbon degradation	dbfA2
2.1.1.1	Decomposing wastes or polluting substances	K14601	KO	0.6	foam	producer	08_Hydrocarbon degradation / Polycyclic aromatic hydrocarbon degradation	flnB
2.1.1.1	Decomposing wastes or polluting substances	K14602	KO	0.6	foam	producer	08_Hydrocarbon degradation / Polycyclic aromatic hydrocarbon degradation	flnD1
2.1.1.1	Decomposing wastes or polluting substances	K14603	KO	0.6	foam	producer	08_Hydrocarbon degradation / Hydrocarbon degradation	flnD2
2.1.1.1	Decomposing wastes or polluting substances	K15054	KO	0.6	foam	producer	08_Hydrocarbon degradation / Aromatic carboxylic acid degradation	mdlB
2.1.1.1	Decomposing wastes or polluting substances	K16242	KO	0.85	kegg_decoder	producer	Benzene degradation	Benzene degradation (M00548)
2.1.1.1	Decomposing wastes or polluting substances	K16243	KO	0.85	kegg_decoder	producer	Benzene degradation	Benzene degradation (M00548)
2.1.1.1	Decomposing wastes or polluting substances	K16244	KO	0.85	kegg_decoder	producer	Benzene degradation	Benzene degradation (M00548)
2.1.1.1	Decomposing wastes or polluting substances	K16249	KO	0.85	kegg_decoder	producer	Benzene degradation	Benzene degradation (M00548)
2.1.1.1	Decomposing wastes or polluting substances	K17222	KO	0.75	kegg_decoder	transformer	Thiosulfate oxidation (Sox pathway)	Thiosulfate oxidation Sox (M00595)
2.1.1.1	Decomposing wastes or polluting substances	K17223	KO	0.75	kegg_decoder	transformer	Thiosulfate oxidation (Sox pathway)	Thiosulfate oxidation Sox (M00595)
2.1.1.1	Decomposing wastes or polluting substances	K17224	KO	0.75	kegg_decoder	transformer	Thiosulfate oxidation (Sox pathway)	Thiosulfate oxidation Sox (M00595)
2.1.1.1	Decomposing wastes or polluting substances	K17225	KO	0.75	kegg_decoder	transformer	Thiosulfate oxidation (Sox pathway)	Thiosulfate oxidation Sox (M00595)
2.1.1.1	Decomposing wastes or polluting substances	K17226	KO	0.75	kegg_decoder	transformer	Thiosulfate oxidation (Sox pathway)	Thiosulfate oxidation Sox (M00595)
2.1.1.1	Decomposing wastes or polluting substances	K18248	KO	0.75	literature:PMID:33280938	producer	Phenol degradation	pheA/dmpN phenol hydroxylase large subunit; phenol detoxification
2.1.1.1	Decomposing wastes or polluting substances	K18364	KO	0.80	literature:PMID:28258138	producer	2,4-D degradation	tfdA 2,4-D dioxygenase; herbicide degradation; Wang et al 2017
2.1.1.1	Decomposing wastes or polluting substances	K20276	KO	0.60	kegg_decoder+literature	producer	Lipid/oil degradation	fadL long-chain fatty acid transporter; imports hydrophobic pollutants for degradation
2.1.1.1	Decomposing wastes or polluting substances	K22622	KO	0.75	kegg_decoder	transformer	Thiosulfate oxidation (Sox pathway)	Thiosulfate oxidation Sox (M00595)
2.1.1.2	Filtering wastes or sequestering pollutants	K00221	KO	0.80	literature:PMID:37441819	producer	Mercury detoxification	merB alkylmercury lyase; organomercury → Hg2+ for merA reduction
2.1.1.2	Filtering wastes or sequestering pollutants	K00520	KO	0.85	literature:PMID:37441819	producer	Mercury detoxification	merA mercuric reductase; Hg2+ → Hg0 volatilization; Ren et al 2023 Mar Environ Res
2.1.1.2	Filtering wastes or sequestering pollutants	K00529	KO	0.75	literature:PMID:33280938	producer	Nickel detoxification	nickel-cobalt efflux; Ni/Co resistance
2.1.1.2	Filtering wastes or sequestering pollutants	K00531	KO	0.75	literature:PMID:37441819	producer	Selenium detoxification	selenate reductase; Se reduction and sequestration
2.1.1.2	Filtering wastes or sequestering pollutants	K00537	KO	0.80	literature:PMID:36002692	producer	Arsenic detoxification	arsC arsenate reductase; As5+ → As3+ for efflux; Xiao et al 2022
2.1.1.2	Filtering wastes or sequestering pollutants	K03325	KO	0.80	literature:PMID:36002692	producer	Arsenic detoxification	arsB arsenite efflux pump; removes As3+ from cell
2.1.1.2	Filtering wastes or sequestering pollutants	K07233	KO	0.70	literature:PMID:36002692	producer	Lead/zinc resistance	pbrA lead efflux P-type ATPase; Pb resistance
2.1.1.2	Filtering wastes or sequestering pollutants	K07240	KO	0.75	literature:PMID:36002692	producer	Chromium detoxification	chrA chromate efflux transporter; Cr6+ resistance
2.1.1.2	Filtering wastes or sequestering pollutants	K07667	KO	0.70	literature:PMID:36002692	transformer	Metal-responsive regulation	cusR two-component copper response regulator
2.1.1.2	Filtering wastes or sequestering pollutants	K07787	KO	0.70	literature:PMID:36002692	producer	Metal efflux regulation	cueR Cu-sensing transcriptional activator; copper homeostasis
2.1.1.2	Filtering wastes or sequestering pollutants	K08363	KO	0.75	literature:PMID:37441819	transformer	Mercury transport	merT mercury transport protein; Hg2+ uptake for detoxification
2.1.1.2	Filtering wastes or sequestering pollutants	K16264	KO	0.75	literature:PMID:36002692	producer	Cobalt/zinc/cadmium efflux	czcA RND heavy metal efflux; Co/Zn/Cd resistance
2.1.1.2	Filtering wastes or sequestering pollutants	K17686	KO	0.75	literature:PMID:36002692	producer	Copper detoxification	copA copper-exporting P-type ATPase; Cu efflux
2.1.1.2	Filtering wastes or sequestering pollutants	K19592	KO	0.80	literature:PMID:36002692	producer	Zinc/cadmium detoxification	zntA Zn2+/Cd2+ efflux P-type ATPase; heavy metal export
2.3.3.2	Controlling disease	K01152	KO	0.80	literature:PMID:39203545	inhibitor	Antimicrobial resistance indicator	intI1 class 1 integron integrase; primary indicator of anthropogenic ARG pollution in water
2.3.3.2	Controlling disease	K02547	KO	0.75	literature:PMID:36002692	inhibitor	Antimicrobial resistance	mexB RND multidrug efflux pump; metal-ARG co-selection; Xiao et al 2022
2.3.3.2	Controlling disease	K05595	KO	0.80	literature:PMID:41202544	inhibitor	Antimicrobial resistance	mecA PBP2a; methicillin resistance indicator in water
2.3.3.2	Controlling disease	K07552	KO	0.75	literature:PMID:41202544	inhibitor	Antimicrobial resistance	qnrS pentapeptide repeat quinolone resistance
2.3.3.2	Controlling disease	K12132	KO	0.60	kegg_decoder+literature	inhibitor	Horizontal gene transfer	virB4 type IV secretion system ATPase; conjugative DNA transfer; ARG dissemination facilitator
2.3.3.2	Controlling disease	K16068	KO	0.85	literature:PMID:35438519	inhibitor	Cyanotoxin biosynthesis	mcyA microcystin synthetase; hepatotoxin production in freshwater; Yancey et al 2022
2.3.3.2	Controlling disease	K16069	KO	0.85	literature:PMID:35438519	inhibitor	Cyanotoxin biosynthesis	mcyB microcystin synthetase; structural variant determination
2.3.3.2	Controlling disease	K16070	KO	0.85	literature:PMID:39947845	inhibitor	Cyanotoxin biosynthesis	mcyE microcystin synthetase; key marker for MC-producing cyanobacteria; Jeon et al 2025
2.3.3.2	Controlling disease	K16071	KO	0.80	literature:PMID:35438519	inhibitor	Cyanotoxin biosynthesis	mcyD microcystin synthetase polyketide synthase
2.3.3.2	Controlling disease	K16072	KO	0.80	literature:PMID:35438519	inhibitor	Cyanotoxin biosynthesis	mcyG microcystin synthetase starter unit
2.3.3.2	Controlling disease	K17836	KO	0.80	literature:PMID:41202544	inhibitor	Antimicrobial resistance	blaTEM class A beta-lactamase; major ARG in freshwater; Zhang et al 2025
2.3.3.2	Controlling disease	K18220	KO	0.80	literature:PMID:26441948	inhibitor	Antimicrobial resistance	sul1 sulfonamide resistance dihydropteroate synthase; widespread ARG indicator; Tan et al 2015
2.3.3.2	Controlling disease	K18221	KO	0.80	literature:PMID:26441948	inhibitor	Antimicrobial resistance	sul2 sulfonamide resistance dihydropteroate synthase; mobile ARG
2.3.3.2	Controlling disease	K18519	KO	0.80	literature:PMID:41202544	inhibitor	Antimicrobial resistance	vanA D-alanine--D-lactate ligase; vancomycin resistance indicator
2.3.3.2	Controlling disease	K18590	KO	0.75	literature:PMID:38924952	inhibitor	Antimicrobial resistance	tetM tetracycline resistance ribosomal protection; Lu et al 2024 Water Res
2.3.3.2	Controlling disease	K18843	KO	0.75	literature:PMID:38924952	inhibitor	Antimicrobial resistance	tetW tetracycline resistance ribosomal protection
2.3.3.2	Controlling disease	K19689	KO	0.90	literature:PMID:26999203	producer	Microcystin degradation	mlrA microcystinase; linearizes cyclic microcystins; key MC degradation enzyme; Dziga et al 2016
2.3.3.2	Controlling disease	K19690	KO	0.85	literature:PMID:26999203	producer	Microcystin degradation	mlrB serine protease; cleaves linearized MC to tetrapeptide; Dziga et al 2016
2.3.3.2	Controlling disease	K19691	KO	0.85	literature:PMID:41003510	producer	Microcystin degradation	mlrC metallopeptidase; further degrades MC intermediates to Adda; Ding et al 2025
2.3.3.2	Controlling disease	K19692	KO	0.80	literature:PMID:39842765	producer	Microcystin degradation	mlrD MC transport protein; PTR2 family; imports MC for degradation; Li et al 2025
2.3.3.2	Controlling disease	K21304	KO	0.80	literature:PMID:39772868	inhibitor	Cyanotoxin biosynthesis	sxtA saxitoxin synthetase; paralytic shellfish toxin producer
2.3.3.2	Controlling disease	K21636	KO	0.80	literature:PMID:39772868	inhibitor	Cyanotoxin biosynthesis	cyrA cylindrospermopsin synthetase; freshwater cyanotoxin; Hart et al 2025
2.3.3.2	Controlling disease	K21637	KO	0.80	literature:PMID:39772868	inhibitor	Cyanotoxin biosynthesis	cyrB cylindrospermopsin amidinotransferase
2.3.4.2	Ensuring the organic matter in our soils is maintained	K00012	KO	0.55	kegg_decoder+literature	producer	EPS/biofilm matrix production	ugd UDPglucose 6-dehydrogenase; UDP-glucuronate for EPS; biofilm matrix stabilizes soil
2.3.4.2	Ensuring the organic matter in our soils is maintained	K00422	KO	0.65	literature:PMID:38278240	transformer	Lignin degradation	laccase (AA1 family); lignin oxidation; Wang et al 2024
2.3.4.2	Ensuring the organic matter in our soils is maintained	K00430	KO	0.65	literature:PMID:38278240	transformer	Lignin degradation	peroxidase (AA2 family); lignin and Mn peroxidase
2.3.4.2	Ensuring the organic matter in our soils is maintained	K01179	KO	0.70	literature:PMID:38278240	transformer	Cellulose degradation	endoglucanase (cellulase); GH5/GH9 family; plant residue decomposition; Wang et al 2024
2.3.4.2	Ensuring the organic matter in our soils is maintained	K01183	KO	0.70	literature:PMID:38278240	transformer	Chitin degradation	chiA chitinase; GH18 fungal residue decomposition; dominant in deep soil
2.3.4.2	Ensuring the organic matter in our soils is maintained	K01185	KO	0.65	literature:PMID:37594978	transformer	Peptidoglycan degradation	lysozyme; GH23 bacterial residue decomposition; Paul et al 2023 PLoS ONE
2.3.4.2	Ensuring the organic matter in our soils is maintained	K01188	KO	0.65	literature:PMID:38278240	transformer	Cellulose degradation	bglB beta-glucosidase; cellobiose hydrolysis to glucose
2.3.4.2	Ensuring the organic matter in our soils is maintained	K01198	KO	0.65	literature:PMID:38278240	transformer	Hemicellulose degradation	xynB xylan 1,4-beta-xylosidase; hemicellulose terminal hydrolysis
2.3.4.2	Ensuring the organic matter in our soils is maintained	K01218	KO	0.65	literature:PMID:38278240	transformer	Hemicellulose degradation	xynA endo-1,4-beta-xylanase; hemicellulose decomposition correlated with SOC
2.3.4.2	Ensuring the organic matter in our soils is maintained	K01225	KO	0.65	literature:PMID:38278240	transformer	Cellulose degradation	cbhA cellobiohydrolase; GH6/GH7 crystalline cellulose degradation
2.3.4.2	Ensuring the organic matter in our soils is maintained	K01784	KO	0.55	kegg_decoder+literature	producer	EPS/biofilm matrix production	galE UDP-glucose 4-epimerase; produces UDP-galactose for EPS; biofilm contributes to soil aggregate stability
2.3.4.2	Ensuring the organic matter in our soils is maintained	K05349	KO	0.70	literature:PMID:38278240	transformer	Cellulose degradation	bglX beta-glucosidase; GH1/GH3 dominant in soil C cycling; Wang et al 2024
2.3.4.2	Ensuring the organic matter in our soils is maintained	K19668	KO	0.65	literature:PMID:38278240	transformer	Lignin degradation	manganese peroxidase; AA2 family lignin oxidation
2.3.5.1	Controlling the chemical quality of freshwater	K00260	KO	0.55	foam	transformer	11_Nitrogen cycle / Ammonia assimilation	gudB, rocG
2.3.5.1	Controlling the chemical quality of freshwater	K00261	KO	0.55	foam	transformer	11_Nitrogen cycle / Ammonia assimilation	GLUD1_2, gdhA
2.3.5.1	Controlling the chemical quality of freshwater	K00262	KO	0.55	foam	transformer	11_Nitrogen cycle / Ammonia assimilation	E1.4.1.4, gdhA
2.3.5.1	Controlling the chemical quality of freshwater	K00264	KO	0.55	foam	transformer	11_Nitrogen cycle / Ammonia assimilation	GLT1
2.3.5.1	Controlling the chemical quality of freshwater	K00265	KO	0.55	foam	transformer	11_Nitrogen cycle / Ammonia assimilation	gltB
2.3.5.1	Controlling the chemical quality of freshwater	K00266	KO	0.55	foam	transformer	11_Nitrogen cycle / Ammonia assimilation	gltD
2.3.5.1	Controlling the chemical quality of freshwater	K00284	KO	0.55	foam	transformer	11_Nitrogen cycle / Ammonia assimilation	GLU, gltS
2.3.5.1	Controlling the chemical quality of freshwater	K00360	KO	0.75	kegg_decoder+foam	consumer	Assimilatory nitrate reduction (NO3→NH4)	Assimilatory nitrate reduction (M00531); nasB
2.3.5.1	Controlling the chemical quality of freshwater	K00362	KO	0.85	kegg_decoder+foam	transformer	DNRA (NO3→NH4)	DNRA (M00530); nirB
2.3.5.1	Controlling the chemical quality of freshwater	K00363	KO	0.85	kegg_decoder+foam	transformer	DNRA (NO3→NH4)	DNRA (M00530); nirD
2.3.5.1	Controlling the chemical quality of freshwater	K00366	KO	0.55	foam	transformer	11_Nitrogen cycle / Nitrogenated compounds Reduction	nirA
2.3.5.1	Controlling the chemical quality of freshwater	K00367	KO	0.65	kegg_decoder	consumer	Assimilatory nitrate reduction (NO3→NH4)	Assimilatory nitrate reduction (M00531)
2.3.5.1	Controlling the chemical quality of freshwater	K00368	KO	0.95	kegg_decoder+foam	producer	Denitrification (NO3→N2)	Denitrification (M00529); nirK
2.3.5.1	Controlling the chemical quality of freshwater	K00370	KO	0.85	kegg_decoder+foam	transformer	DNRA (NO3→NH4)	DNRA (M00530); narG, narZ, nxrA
2.3.5.1	Controlling the chemical quality of freshwater	K00371	KO	0.85	kegg_decoder+foam	transformer	DNRA (NO3→NH4)	DNRA (M00530); narH, narY, nxrB
2.3.5.1	Controlling the chemical quality of freshwater	K00372	KO	0.75	kegg_decoder+foam	consumer	Assimilatory nitrate reduction (NO3→NH4)	Assimilatory nitrate reduction (M00531); nasA
2.3.5.1	Controlling the chemical quality of freshwater	K00373	KO	0.55	foam	transformer	11_Nitrogen cycle / Nitrogenated compounds Reduction	narJ, narW
2.3.5.1	Controlling the chemical quality of freshwater	K00374	KO	0.55	foam	transformer	11_Nitrogen cycle / Nitrogenated compounds Reduction	narI, narV
2.3.5.1	Controlling the chemical quality of freshwater	K00376	KO	0.95	kegg_decoder+foam	producer	Denitrification (NO3→N2)	Denitrification (M00529); nosZ
2.3.5.1	Controlling the chemical quality of freshwater	K00380	KO	0.7	kegg_decoder+foam	consumer	Assimilatory sulfate reduction	Assimilatory sulfate reduction (M00176); cysJ
2.3.5.1	Controlling the chemical quality of freshwater	K00381	KO	0.7	kegg_decoder+foam	consumer	Assimilatory sulfate reduction	Assimilatory sulfate reduction (M00176); cysI
2.3.5.1	Controlling the chemical quality of freshwater	K00387	KO	0.5	foam	transformer	18_Sulfur compounds metabolism / Sulfur compounds cycle	SUOX
2.3.5.1	Controlling the chemical quality of freshwater	K00390	KO	0.7	kegg_decoder+foam	consumer	Assimilatory sulfate reduction	Assimilatory sulfate reduction (M00176); cysH
2.3.5.1	Controlling the chemical quality of freshwater	K00392	KO	0.5	foam	transformer	18_Sulfur compounds metabolism / Sulfur compounds cycle	sir
2.3.5.1	Controlling the chemical quality of freshwater	K00394	KO	0.7	kegg_decoder+foam	consumer	Assimilatory sulfate reduction	Assimilatory sulfate reduction (M00176); aprA
2.3.5.1	Controlling the chemical quality of freshwater	K00395	KO	0.85	kegg_decoder+foam	transformer	Dissimilatory sulfate reduction (Dsr)	Dissimilatory sulfate reduction (M00596); aprB
2.3.5.1	Controlling the chemical quality of freshwater	K00531	KO	0.55	foam	transformer	11_Nitrogen cycle / Nitrogen Fixation	anfG
2.3.5.1	Controlling the chemical quality of freshwater	K00625	KO	0.5	foam	transformer	18_Sulfur compounds metabolism / Sulfur compounds cycle	E2.3.1.8, pta
2.3.5.1	Controlling the chemical quality of freshwater	K00697	KO	0.65	literature:PMID:36181699	producer	Phosphorus solubilization	gcd glucose dehydrogenase; organic acid production solubilizes mineral P; Hu et al 2022
2.3.5.1	Controlling the chemical quality of freshwater	K00793	KO	0.55	kegg_decoder	producer	Riboflavin biosynthesis	Riboflavin biosynthesis (M00125)
2.3.5.1	Controlling the chemical quality of freshwater	K00794	KO	0.55	kegg_decoder	producer	Riboflavin biosynthesis	Riboflavin biosynthesis (M00125)
2.3.5.1	Controlling the chemical quality of freshwater	K00811	KO	0.5	foam	transformer	18_Sulfur compounds metabolism / Sulfur compounds cycle	ASP5
2.3.5.1	Controlling the chemical quality of freshwater	K00812	KO	0.5	foam	transformer	18_Sulfur compounds metabolism / Sulfur compounds cycle	aspB
2.3.5.1	Controlling the chemical quality of freshwater	K00813	KO	0.5	foam	transformer	18_Sulfur compounds metabolism / Sulfur compounds cycle	aspC
2.3.5.1	Controlling the chemical quality of freshwater	K00860	KO	0.6	kegg_decoder	consumer	Assimilatory sulfate reduction	Assimilatory sulfate reduction (M00176)
2.3.5.1	Controlling the chemical quality of freshwater	K00937	KO	0.80	literature:PMID:39962698	transformer	Polyphosphate metabolism	ppk1 polyphosphate kinase; polyphosphate synthesis for enhanced biological P removal
2.3.5.1	Controlling the chemical quality of freshwater	K00958	KO	0.6	kegg_decoder	consumer	Assimilatory sulfate reduction	Assimilatory sulfate reduction (M00176)
2.3.5.1	Controlling the chemical quality of freshwater	K00959	KO	0.5	foam	transformer	18_Sulfur compounds metabolism / Sulfur compounds cycle	
2.3.5.1	Controlling the chemical quality of freshwater	K01011	KO	0.5	foam	transformer	18_Sulfur compounds metabolism / Sulfur compounds cycle	TST, MPST, sseA
2.3.5.1	Controlling the chemical quality of freshwater	K01077	KO	0.80	literature:PMID:29569048	producer	Phosphorus mineralization	phoA alkaline phosphatase; organic P → PO4; LeBrun et al 2018 Microb Ecol
2.3.5.1	Controlling the chemical quality of freshwater	K01093	KO	0.80	literature:PMID:36181699	producer	Phosphorus mineralization	phoD alkaline phosphatase; dominant P mineralization gene in wetlands; Hu et al 2022 Glob Chang Biol
2.3.5.1	Controlling the chemical quality of freshwater	K01113	KO	0.70	literature:PMID:36181699	producer	Phosphorus mineralization	phoB two-component response regulator; P-starvation regulon; Hu et al 2022
2.3.5.1	Controlling the chemical quality of freshwater	K01425	KO	0.55	foam	transformer	11_Nitrogen cycle / Ammonia assimilation	glsA, GLS
2.3.5.1	Controlling the chemical quality of freshwater	K01428	KO	0.80	kegg_decoder+literature	inhibitor	Urea hydrolysis	ureC urease alpha subunit; urea→NH4+CO2; ammonia release to freshwater
2.3.5.1	Controlling the chemical quality of freshwater	K01429	KO	0.80	kegg_decoder+literature	inhibitor	Urea hydrolysis	ureB urease beta subunit
2.3.5.1	Controlling the chemical quality of freshwater	K01430	KO	0.80	kegg_decoder+literature	inhibitor	Urea hydrolysis	ureA urease gamma subunit
2.3.5.1	Controlling the chemical quality of freshwater	K01497	KO	0.55	kegg_decoder	producer	Riboflavin biosynthesis	Riboflavin biosynthesis (M00125)
2.3.5.1	Controlling the chemical quality of freshwater	K01514	KO	0.75	literature:PMID:39962698	producer	Polyphosphate metabolism	ppx exopolyphosphatase; polyphosphate degradation releases PO4
2.3.5.1	Controlling the chemical quality of freshwater	K01841	KO	0.65	literature:PMID:36181699	transformer	Phosphorus mineralization	ugpQ glycerophosphoryl diester phosphodiesterase; organic P mineralization
2.3.5.1	Controlling the chemical quality of freshwater	K01915	KO	0.55	foam	transformer	11_Nitrogen cycle / Ammonia assimilation	glnA, GLUL
2.3.5.1	Controlling the chemical quality of freshwater	K01953	KO	0.55	foam	transformer	11_Nitrogen cycle / Ammonia assimilation	asnB, ASNS
2.3.5.1	Controlling the chemical quality of freshwater	K02003	KO	0.55	kegg_decoder+literature	transformer	Trace metal cycling (Co/Ni)	cbiO cobalt/nickel transporter ATPase; B12 precursor acquisition
2.3.5.1	Controlling the chemical quality of freshwater	K02004	KO	0.55	kegg_decoder+literature	transformer	Trace metal cycling (Co/Ni)	cbiM cobalt/nickel transporter permease; Co import for B12 biosynthesis
2.3.5.1	Controlling the chemical quality of freshwater	K02014	KO	0.65	kegg_decoder+literature	transformer	Iron acquisition/cycling	TonB-dependent iron siderophore receptor; mediates Fe cycling; Fe availability affects water quality
2.3.5.1	Controlling the chemical quality of freshwater	K02036	KO	0.70	literature:PMID:38844031	consumer	Phosphate transport	pstB phosphate ABC transporter ATP-binding
2.3.5.1	Controlling the chemical quality of freshwater	K02037	KO	0.70	literature:PMID:38844031	consumer	Phosphate transport	pstA phosphate ABC transporter permease
2.3.5.1	Controlling the chemical quality of freshwater	K02038	KO	0.70	literature:PMID:38844031	consumer	Phosphate transport	pstC phosphate ABC transporter permease
2.3.5.1	Controlling the chemical quality of freshwater	K02040	KO	0.70	literature:PMID:38844031	consumer	Phosphate transport	pstS phosphate ABC transporter substrate-binding; high-affinity PO4 uptake; Zhuo et al 2024
2.3.5.1	Controlling the chemical quality of freshwater	K02044	KO	0.65	literature:PMID:38844031	consumer	Phosphonate transport	phnC phosphonate ABC transporter ATP-binding; phosphonate uptake
2.3.5.1	Controlling the chemical quality of freshwater	K02225	KO	0.6	kegg_decoder	producer	Cobalamin (B12) biosynthesis	Cobalamin B12 biosynthesis (M00120)
2.3.5.1	Controlling the chemical quality of freshwater	K02227	KO	0.6	kegg_decoder	producer	Cobalamin (B12) biosynthesis	Cobalamin B12 biosynthesis (M00120)
2.3.5.1	Controlling the chemical quality of freshwater	K02228	KO	0.6	kegg_decoder	producer	Cobalamin (B12) biosynthesis	Cobalamin B12 biosynthesis (M00120)
2.3.5.1	Controlling the chemical quality of freshwater	K02229	KO	0.6	kegg_decoder	producer	Cobalamin (B12) biosynthesis	Cobalamin B12 biosynthesis (M00120)
2.3.5.1	Controlling the chemical quality of freshwater	K02231	KO	0.6	kegg_decoder	producer	Cobalamin (B12) biosynthesis	Cobalamin B12 biosynthesis (M00120)
2.3.5.1	Controlling the chemical quality of freshwater	K02232	KO	0.6	kegg_decoder	producer	Cobalamin (B12) biosynthesis	Cobalamin B12 biosynthesis (M00120)
2.3.5.1	Controlling the chemical quality of freshwater	K02233	KO	0.6	kegg_decoder	producer	Cobalamin (B12) biosynthesis	Cobalamin B12 biosynthesis (M00120)
2.3.5.1	Controlling the chemical quality of freshwater	K02305	KO	0.95	kegg_decoder+foam	producer	Denitrification (NO3→N2)	Denitrification (M00529); norC
2.3.5.1	Controlling the chemical quality of freshwater	K02439	KO	0.5	foam	transformer	18_Sulfur compounds metabolism / Sulfur compounds cycle	glpE
2.3.5.1	Controlling the chemical quality of freshwater	K02567	KO	0.85	kegg_decoder+foam	transformer	DNRA (NO3→NH4)	DNRA (M00530); napA
2.3.5.1	Controlling the chemical quality of freshwater	K02568	KO	0.85	kegg_decoder+foam	transformer	DNRA (NO3→NH4)	DNRA (M00530); napB
2.3.5.1	Controlling the chemical quality of freshwater	K02586	KO	0.95	kegg_decoder+foam	producer	Nitrogen fixation (N2→NH4)	Nitrogen fixation (M00175); nifD
2.3.5.1	Controlling the chemical quality of freshwater	K02588	KO	0.95	kegg_decoder+foam	producer	Nitrogen fixation (N2→NH4)	Nitrogen fixation (M00175); nifH
2.3.5.1	Controlling the chemical quality of freshwater	K02591	KO	0.95	kegg_decoder+foam	producer	Nitrogen fixation (N2→NH4)	Nitrogen fixation (M00175); nifK
2.3.5.1	Controlling the chemical quality of freshwater	K02595	KO	0.55	foam	transformer	11_Nitrogen cycle / Nitrogen Fixation	nifW
2.3.5.1	Controlling the chemical quality of freshwater	K03321	KO	0.70	kegg_decoder+literature	consumer	Ammonium uptake	amtB ammonium transporter; removes dissolved NH4 from freshwater; N cycling
2.3.5.1	Controlling the chemical quality of freshwater	K03385	KO	0.85	kegg_decoder+foam	transformer	DNRA (NO3→NH4)	DNRA (M00530); nrfA
2.3.5.1	Controlling the chemical quality of freshwater	K03852	KO	0.5	foam	transformer	18_Sulfur compounds metabolism / Sulfur compounds cycle	xsc
2.3.5.1	Controlling the chemical quality of freshwater	K04013	KO	0.55	foam	transformer	11_Nitrogen cycle / Nitrogenated compounds Reduction	nrfB
2.3.5.1	Controlling the chemical quality of freshwater	K04014	KO	0.55	foam	transformer	11_Nitrogen cycle / Nitrogenated compounds Reduction	nrfC
2.3.5.1	Controlling the chemical quality of freshwater	K04015	KO	0.55	foam	transformer	11_Nitrogen cycle / Nitrogenated compounds Reduction	nrfD
2.3.5.1	Controlling the chemical quality of freshwater	K04100	KO	0.5	foam	transformer	18_Sulfur compounds metabolism / Chemoautotrophic oxidation of sulfur compounds	ligA
2.3.5.1	Controlling the chemical quality of freshwater	K04101	KO	0.5	foam	transformer	18_Sulfur compounds metabolism / Chemoautotrophic oxidation of sulfur compounds	ligB
2.3.5.1	Controlling the chemical quality of freshwater	K04561	KO	0.95	kegg_decoder+foam	producer	Denitrification (NO3→N2)	Denitrification (M00529); norB
2.3.5.1	Controlling the chemical quality of freshwater	K04763	KO	0.60	kegg_decoder+literature	transformer	Iron homeostasis regulation	fur ferric uptake regulator; master regulator of Fe homeostasis
2.3.5.1	Controlling the chemical quality of freshwater	K05301	KO	0.5	foam	transformer	18_Sulfur compounds metabolism / Sulfur compounds cycle	sorA
2.3.5.1	Controlling the chemical quality of freshwater	K05597	KO	0.55	foam	transformer	11_Nitrogen cycle / Ammonia assimilation	aspQ, ansB, ansA
2.3.5.1	Controlling the chemical quality of freshwater	K05601	KO	0.55	foam	transformer	11_Nitrogen cycle / Nitrogenated compounds Reduction	hcp
2.3.5.1	Controlling the chemical quality of freshwater	K06034	KO	0.5	foam	transformer	18_Sulfur compounds metabolism / Sulfur compounds cycle	comD
2.3.5.1	Controlling the chemical quality of freshwater	K06166	KO	0.75	literature:PMID:37365664	producer	Phosphonate degradation	phnJ C-P lyase core component; phosphonate mineralization in freshwater; Zhao et al 2023
2.3.5.1	Controlling the chemical quality of freshwater	K07093	KO	0.75	literature:PMID:41702469	producer	Phosphorus mineralization	phoX alkaline phosphatase; upregulated during P cycling in lake sediments; Qin et al 2026 Environ Res
2.3.5.1	Controlling the chemical quality of freshwater	K08345	KO	0.55	foam	transformer	11_Nitrogen cycle / Nitrogenated compounds Reduction	
2.3.5.1	Controlling the chemical quality of freshwater	K08346	KO	0.55	foam	transformer	11_Nitrogen cycle / Nitrogenated compounds Reduction	
2.3.5.1	Controlling the chemical quality of freshwater	K08347	KO	0.55	foam	transformer	11_Nitrogen cycle / Nitrogenated compounds Reduction	
2.3.5.1	Controlling the chemical quality of freshwater	K08361	KO	0.55	foam	transformer	11_Nitrogen cycle / Nitrogenated compounds Reduction	
2.3.5.1	Controlling the chemical quality of freshwater	K10534	KO	0.75	kegg_decoder+foam	consumer	Assimilatory nitrate reduction (NO3→NH4)	Assimilatory nitrate reduction (M00531); NR
2.3.5.1	Controlling the chemical quality of freshwater	K10535	KO	0.9	kegg_decoder+foam	transformer	Nitrification (NH3→NO3)	Nitrification (M00528); hao
2.3.5.1	Controlling the chemical quality of freshwater	K10944	KO	0.9	kegg_decoder+foam	transformer	Nitrification (NH3→NO3)	Nitrification (M00528); pmoA-amoA
2.3.5.1	Controlling the chemical quality of freshwater	K10945	KO	0.9	kegg_decoder+foam	transformer	Nitrification (NH3→NO3)	Nitrification (M00528); pmoB-amoB
2.3.5.1	Controlling the chemical quality of freshwater	K10946	KO	0.9	kegg_decoder+foam	transformer	Nitrification (NH3→NO3)	Nitrification (M00528); pmoC-amoC
2.3.5.1	Controlling the chemical quality of freshwater	K11180	KO	0.85	kegg_decoder+foam	transformer	Dissimilatory sulfate reduction (Dsr)	Dissimilatory sulfate reduction (M00596); dsrA
2.3.5.1	Controlling the chemical quality of freshwater	K11181	KO	0.85	kegg_decoder+foam	transformer	Dissimilatory sulfate reduction (Dsr)	Dissimilatory sulfate reduction (M00596); dsrB
2.3.5.1	Controlling the chemical quality of freshwater	K11358	KO	0.5	foam	transformer	18_Sulfur compounds metabolism / Sulfur compounds cycle	yhdR
2.3.5.1	Controlling the chemical quality of freshwater	K13039	KO	0.5	foam	transformer	18_Sulfur compounds metabolism / Sulfur compounds cycle	comE
2.3.5.1	Controlling the chemical quality of freshwater	K13788	KO	0.5	foam	transformer	18_Sulfur compounds metabolism / Sulfur compounds cycle	pta
2.3.5.1	Controlling the chemical quality of freshwater	K14454	KO	0.5	foam	transformer	18_Sulfur compounds metabolism / Sulfur compounds cycle	GOT1
2.3.5.1	Controlling the chemical quality of freshwater	K14455	KO	0.5	foam	transformer	18_Sulfur compounds metabolism / Sulfur compounds cycle	GOT2
2.3.5.1	Controlling the chemical quality of freshwater	K14652	KO	0.55	kegg_decoder	producer	Riboflavin biosynthesis	Riboflavin biosynthesis (M00125)
2.3.5.1	Controlling the chemical quality of freshwater	K15371	KO	0.55	foam	transformer	11_Nitrogen cycle / Ammonia assimilation	GDH2
2.3.5.1	Controlling the chemical quality of freshwater	K15373	KO	0.5	foam	transformer	18_Sulfur compounds metabolism / Sulfur compounds cycle	isfD
2.3.5.1	Controlling the chemical quality of freshwater	K15864	KO	0.95	kegg_decoder+foam	producer	Denitrification (NO3→N2)	Denitrification (M00529); nirS
2.3.5.1	Controlling the chemical quality of freshwater	K15875	KO	0.55	foam	transformer	11_Nitrogen cycle / Nitrogenated compounds Reduction	
2.3.5.1	Controlling the chemical quality of freshwater	K15876	KO	0.80	kegg_decoder	transformer	DNRA (NO3→NH4)	nrfH cytochrome c nitrite reductase partner; DNRA electron donor
2.3.5.1	Controlling the chemical quality of freshwater	K15878	KO	0.55	foam	transformer	11_Nitrogen cycle / Nitrogenated compounds Reduction	K15878, narB
2.3.5.1	Controlling the chemical quality of freshwater	K15879	KO	0.55	foam	transformer	11_Nitrogen cycle / Nitrogenated compounds Reduction	narC
2.3.5.1	Controlling the chemical quality of freshwater	K15905	KO	0.55	foam	transformer	11_Nitrogen cycle / Nitrification	
2.3.5.1	Controlling the chemical quality of freshwater	K15906	KO	0.55	foam	transformer	11_Nitrogen cycle / Nitrification	
2.3.5.1	Controlling the chemical quality of freshwater	K16068	KO	0.85	literature:PMID:35438519	inhibitor	Cyanotoxin biosynthesis	mcyA microcystin synthetase; hepatotoxin production threatens freshwater quality
2.3.5.1	Controlling the chemical quality of freshwater	K16070	KO	0.85	literature:PMID:39947845	inhibitor	Cyanotoxin biosynthesis	mcyE microcystin synthetase; key marker for toxigenic cyanobacteria
2.3.5.1	Controlling the chemical quality of freshwater	K16953	KO	0.70	literature:PMID:25462716	inhibitor	Geosmin biosynthesis	geoA geosmin synthase; produces taste-and-odor compound; indicator of cyanobacterial source
2.3.5.1	Controlling the chemical quality of freshwater	K17218	KO	0.80	literature:PMID:22586992	inhibitor	Geosmin biosynthesis	geoA geosmin synthase; produces earthy taste-odor in drinking water; Zhang et al 2012
2.3.5.1	Controlling the chemical quality of freshwater	K17224	KO	0.80	kegg_decoder	producer	Thiosulfate oxidation (Sox)	soxB sulfur oxidation; removes toxic sulfide from freshwater
2.3.5.1	Controlling the chemical quality of freshwater	K17225	KO	0.75	kegg_decoder	producer	Thiosulfate oxidation (Sox)	soxC sulfur dehydrogenase; sulfide detoxification
2.3.5.1	Controlling the chemical quality of freshwater	K17226	KO	0.75	kegg_decoder	producer	Thiosulfate oxidation (Sox)	soxY sulfur carrier; sulfide detoxification
2.3.5.1	Controlling the chemical quality of freshwater	K17229	KO	0.80	kegg_decoder+literature	producer	Sulfide oxidation	sqr sulfide:quinone oxidoreductase; detoxifies H2S in freshwater
2.3.5.1	Controlling the chemical quality of freshwater	K17230	KO	0.75	kegg_decoder+literature	producer	Sulfide oxidation	fccA flavocytochrome c sulfide dehydrogenase; H2S oxidation
2.3.5.1	Controlling the chemical quality of freshwater	K17231	KO	0.75	kegg_decoder+literature	producer	Sulfide oxidation	fccB flavocytochrome c sulfide dehydrogenase small subunit
2.3.5.1	Controlling the chemical quality of freshwater	K19689	KO	0.85	literature:PMID:26999203	producer	Microcystin degradation (water quality)	mlrA microcystinase; removes hepatotoxins from freshwater
2.3.5.1	Controlling the chemical quality of freshwater	K19690	KO	0.80	literature:PMID:26999203	producer	Microcystin degradation (water quality)	mlrB MC peptidase; freshwater toxin removal
2.3.5.1	Controlling the chemical quality of freshwater	K19691	KO	0.80	literature:PMID:41003510	producer	Microcystin degradation (water quality)	mlrC MC metallopeptidase; freshwater toxin removal
2.3.5.1	Controlling the chemical quality of freshwater	K20932	KO	0.85	kegg_decoder	producer	Anammox (NH4+NO2→N2)	Anammox (M00804)
2.3.5.1	Controlling the chemical quality of freshwater	K20933	KO	0.85	kegg_decoder	producer	Anammox (NH4+NO2→N2)	Anammox (M00804)
2.3.5.1	Controlling the chemical quality of freshwater	K20934	KO	0.85	kegg_decoder	producer	Anammox (NH4+NO2→N2)	Anammox (M00804)
2.3.5.1	Controlling the chemical quality of freshwater	K20935	KO	0.85	kegg_decoder	producer	Anammox (NH4+NO2→N2)	Anammox (M00804)
2.3.5.1	Controlling the chemical quality of freshwater	K21304	KO	0.80	literature:PMID:39772868	inhibitor	Cyanotoxin biosynthesis	sxtA saxitoxin synthetase; paralytic shellfish toxin
2.3.5.1	Controlling the chemical quality of freshwater	K21572	KO	0.80	literature:PMID:32082281	transformer	Dissimilatory iron reduction	mtrA decaheme cytochrome c; Fe3+ → Fe2+ in sediments; Garber et al 2020 FeGenie
2.3.5.1	Controlling the chemical quality of freshwater	K21573	KO	0.80	literature:PMID:32082281	transformer	Dissimilatory iron reduction	mtrB outer membrane beta-barrel; iron reduction electron conduit
2.3.5.1	Controlling the chemical quality of freshwater	K21574	KO	0.80	literature:PMID:32082281	transformer	Dissimilatory iron reduction	mtrC outer membrane decaheme cytochrome; terminal Fe3+ reductase
2.3.5.1	Controlling the chemical quality of freshwater	K21636	KO	0.80	literature:PMID:39772868	inhibitor	Cyanotoxin biosynthesis	cyrA cylindrospermopsin synthetase; freshwater cyanotoxin
2.3.5.1	Controlling the chemical quality of freshwater	K21785	KO	0.80	literature:PMID:25462716	inhibitor	2-MIB biosynthesis	MIB synthase; 2-methylisoborneol production; musty taste-odor; Suurnakki et al 2015
2.3.5.1	Controlling the chemical quality of freshwater	K22468	KO	0.75	literature:PMID:39962698	transformer	Polyphosphate metabolism	ppk2 polyphosphate kinase 2; polyphosphate synthesis/degradation
2.3.5.2	Controlling the chemical quality of salt water	K00368	KO	0.85	kegg_decoder+literature	producer	Denitrification (NO3→N2)	nirK Cu-containing nitrite reductase
2.3.5.2	Controlling the chemical quality of salt water	K00370	KO	0.85	kegg_decoder+literature	producer	Denitrification (NO3→N2)	narG nitrate reductase; marine N removal
2.3.5.2	Controlling the chemical quality of salt water	K00371	KO	0.85	kegg_decoder+literature	producer	Denitrification (NO3→N2)	narH nitrate reductase beta
2.3.5.2	Controlling the chemical quality of salt water	K00376	KO	0.85	kegg_decoder+literature	producer	Denitrification (NO3→N2)	nosZ nitrous oxide reductase; terminal N2 production
2.3.5.2	Controlling the chemical quality of salt water	K00394	KO	0.75	kegg_decoder+literature	transformer	Dissimilatory sulfate reduction	aprA APS reductase; marine S cycling
2.3.5.2	Controlling the chemical quality of salt water	K00958	KO	0.70	kegg_decoder	transformer	Sulfate activation	sat sulfate adenylyltransferase; first step dissimilatory sulfate reduction
2.3.5.2	Controlling the chemical quality of salt water	K01077	KO	0.75	literature:PMID:29569048	producer	Phosphorus mineralization	phoA alkaline phosphatase; marine P cycling
2.3.5.2	Controlling the chemical quality of salt water	K01093	KO	0.75	literature:PMID:36181699	producer	Phosphorus mineralization	phoD alkaline phosphatase; marine P cycling
2.3.5.2	Controlling the chemical quality of salt water	K01428	KO	0.75	kegg_decoder+literature	inhibitor	Urea hydrolysis	ureC urease alpha subunit; NH4 release contributes to marine eutrophication
2.3.5.2	Controlling the chemical quality of salt water	K02567	KO	0.85	kegg_decoder+literature	producer	Denitrification (NO3→N2)	napA periplasmic nitrate reductase
2.3.5.2	Controlling the chemical quality of salt water	K02586	KO	0.85	kegg_decoder+literature	producer	Nitrogen fixation (N2→NH4)	nifD nitrogenase Mo-Fe alpha
2.3.5.2	Controlling the chemical quality of salt water	K02588	KO	0.85	kegg_decoder+literature	producer	Nitrogen fixation (N2→NH4)	nifH nitrogenase reductase; marine N fixation
2.3.5.2	Controlling the chemical quality of salt water	K03385	KO	0.75	kegg_decoder	transformer	DNRA (NO3→NH4)	nrfA cytochrome c nitrite reductase; marine DNRA
2.3.5.2	Controlling the chemical quality of salt water	K04561	KO	0.80	kegg_decoder+literature	producer	Denitrification (NO3→N2)	norB nitric oxide reductase
2.3.5.2	Controlling the chemical quality of salt water	K10944	KO	0.80	kegg_decoder+literature	transformer	Nitrification (NH3→NO3)	amoA ammonia monooxygenase; marine nitrification
2.3.5.2	Controlling the chemical quality of salt water	K10945	KO	0.80	kegg_decoder+literature	transformer	Nitrification (NH3→NO3)	amoB ammonia monooxygenase subunit B
2.3.5.2	Controlling the chemical quality of salt water	K10946	KO	0.80	kegg_decoder+literature	transformer	Nitrification (NH3→NO3)	amoC ammonia monooxygenase subunit C
2.3.5.2	Controlling the chemical quality of salt water	K11180	KO	0.75	kegg_decoder+literature	transformer	Dissimilatory sulfate reduction	dsrA dissimilatory sulfite reductase; marine S cycling
2.3.5.2	Controlling the chemical quality of salt water	K15864	KO	0.85	kegg_decoder+literature	producer	Denitrification (NO3→N2)	nirS cytochrome cd1 nitrite reductase
2.3.5.2	Controlling the chemical quality of salt water	K16068	KO	0.80	literature:PMID:39772868	inhibitor	Cyanotoxin biosynthesis (marine)	mcyA microcystin synthetase; marine/estuarine HAB toxin indicator
2.3.5.2	Controlling the chemical quality of salt water	K16070	KO	0.80	literature:PMID:39772868	inhibitor	Cyanotoxin biosynthesis (marine)	mcyE microcystin synthetase; marine/estuarine HAB toxin indicator
2.3.5.2	Controlling the chemical quality of salt water	K17222	KO	0.75	kegg_decoder+literature	transformer	Thiosulfate oxidation (Sox)	soxA thiosulfate oxidation; marine S cycling
2.3.5.2	Controlling the chemical quality of salt water	K17229	KO	0.75	kegg_decoder+literature	producer	Sulfide oxidation	sqr sulfide:quinone oxidoreductase; detoxifies H2S in marine systems
2.3.5.2	Controlling the chemical quality of salt water	K17230	KO	0.70	kegg_decoder+literature	producer	Sulfide oxidation	fccA flavocytochrome c sulfide dehydrogenase; marine H2S detox
2.3.5.2	Controlling the chemical quality of salt water	K20932	KO	0.85	kegg_decoder+literature	producer	Anammox (NH4+NO2→N2)	hzsA hydrazine synthase; marine anammox
2.3.5.2	Controlling the chemical quality of salt water	K20935	KO	0.85	kegg_decoder	producer	Anammox (NH4+NO2→N2)	hdh hydrazine dehydrogenase; marine anammox
2.3.5.2	Controlling the chemical quality of salt water	K21304	KO	0.80	literature:PMID:39772868	inhibitor	Cyanotoxin biosynthesis (marine)	sxtA saxitoxin synthetase; paralytic shellfish toxin; Hart et al 2025
2.3.6.1	Regulating our global climate	K00018	KO	0.7	kegg_decoder	producer	Formaldehyde assimilation (methylotrophy)	Formaldehyde assimilation serine (M00346)
2.3.6.1	Regulating our global climate	K00024	KO	0.5	foam	producer	15_Methylotrophy / Serine pathway for formaldehyde fixation	mdh
2.3.6.1	Regulating our global climate	K00050	KO	0.5	foam	producer	15_Methylotrophy / Serine pathway for formaldehyde fixation	
2.3.6.1	Regulating our global climate	K00093	KO	0.5	foam	producer	15_Methylotrophy / Methane oxidation to cO2	mdh
2.3.6.1	Regulating our global climate	K00122	KO	0.5	foam	producer	15_Methylotrophy / Methane oxidation to cO2	FDH
2.3.6.1	Regulating our global climate	K00123	KO	0.5	foam	producer	15_Methylotrophy / Formaldehyde oxidation (glutathione-dependent)	fdoG, fdhF, fdwA
2.3.6.1	Regulating our global climate	K00124	KO	0.5	foam	producer	15_Methylotrophy / Formaldehyde oxidation (glutathione-dependent)	fdoH, fdsB
2.3.6.1	Regulating our global climate	K00125	KO	0.5	foam	producer	15_Methylotrophy / Methane oxidation to cO2	fdhB
2.3.6.1	Regulating our global climate	K00126	KO	0.5	foam	producer	15_Methylotrophy / Formaldehyde oxidation (glutathione-dependent)	fdsD
2.3.6.1	Regulating our global climate	K00127	KO	0.5	foam	producer	15_Methylotrophy / Methane oxidation to cO2	fdoI, fdsG
2.3.6.1	Regulating our global climate	K00134	KO	0.85	kegg_decoder	producer	Calvin cycle (CO2 fixation)	Calvin cycle (M00165)
2.3.6.1	Regulating our global climate	K00148	KO	0.5	foam	producer	15_Methylotrophy / Methane oxidation to cO2	fdhA
2.3.6.1	Regulating our global climate	K00150	KO	0.85	kegg_decoder	producer	Calvin cycle (CO2 fixation)	Calvin cycle (M00165)
2.3.6.1	Regulating our global climate	K00169	KO	0.8	kegg_decoder	producer	Reductive TCA cycle (CO2 fixation)	rTCA (M00173)
2.3.6.1	Regulating our global climate	K00170	KO	0.8	kegg_decoder	producer	Reductive TCA cycle (CO2 fixation)	rTCA (M00173)
2.3.6.1	Regulating our global climate	K00171	KO	0.8	kegg_decoder	producer	Reductive TCA cycle (CO2 fixation)	rTCA (M00173)
2.3.6.1	Regulating our global climate	K00172	KO	0.8	kegg_decoder	producer	Reductive TCA cycle (CO2 fixation)	rTCA (M00173)
2.3.6.1	Regulating our global climate	K00174	KO	0.8	kegg_decoder	producer	Reductive TCA cycle (CO2 fixation)	rTCA (M00173)
2.3.6.1	Regulating our global climate	K00175	KO	0.8	kegg_decoder	producer	Reductive TCA cycle (CO2 fixation)	rTCA (M00173)
2.3.6.1	Regulating our global climate	K00190	KO	0.55	foam	inhibitor	14_Methanogenesis / From acetate	
2.3.6.1	Regulating our global climate	K00192	KO	0.55	foam	inhibitor	14_Methanogenesis / From acetate	cdhA
2.3.6.1	Regulating our global climate	K00194	KO	0.9	kegg_decoder+foam	producer	Wood-Ljungdahl pathway (CO2 fixation)	Wood-Ljungdahl (M00377); cdhD, acsD
2.3.6.1	Regulating our global climate	K00195	KO	0.55	foam	inhibitor	14_Methanogenesis / From acetate	cdhB
2.3.6.1	Regulating our global climate	K00197	KO	0.9	kegg_decoder+foam	producer	Wood-Ljungdahl pathway (CO2 fixation)	Wood-Ljungdahl (M00377); cdhE, acsC
2.3.6.1	Regulating our global climate	K00198	KO	0.9	kegg_decoder+foam	producer	Wood-Ljungdahl pathway (CO2 fixation)	Wood-Ljungdahl (M00377); cooS, acsA
2.3.6.1	Regulating our global climate	K00200	KO	0.95	kegg_decoder+foam	inhibitor	Methanogenesis (CO2→CH4)	Methanogenesis (M00567); fwdA, fmdA
2.3.6.1	Regulating our global climate	K00201	KO	0.95	kegg_decoder+foam	inhibitor	Methanogenesis (CO2→CH4)	Methanogenesis (M00567); fwdB, fmdB
2.3.6.1	Regulating our global climate	K00202	KO	0.95	kegg_decoder+foam	inhibitor	Methanogenesis (CO2→CH4)	Methanogenesis (M00567); fwdC, fmdC
2.3.6.1	Regulating our global climate	K00203	KO	0.95	kegg_decoder+foam	inhibitor	Methanogenesis (CO2→CH4)	Methanogenesis (M00567); fwdD, fmdD
2.3.6.1	Regulating our global climate	K00204	KO	0.55	foam	inhibitor	14_Methanogenesis / From CO2	fwdH
2.3.6.1	Regulating our global climate	K00205	KO	0.55	foam	inhibitor	14_Methanogenesis / From CO2	fwdF, fmdF
2.3.6.1	Regulating our global climate	K00241	KO	0.8	kegg_decoder	producer	Reductive TCA cycle (CO2 fixation)	rTCA (M00173)
2.3.6.1	Regulating our global climate	K00242	KO	0.8	kegg_decoder	producer	Reductive TCA cycle (CO2 fixation)	rTCA (M00173)
2.3.6.1	Regulating our global climate	K00288	KO	0.5	foam	producer	15_Methylotrophy / Formaldehyde oxidation (tetrahydrofolate pathway)	MTHFD
2.3.6.1	Regulating our global climate	K00297	KO	0.8	kegg_decoder	producer	Wood-Ljungdahl pathway (CO2 fixation)	Wood-Ljungdahl (M00377)
2.3.6.1	Regulating our global climate	K00319	KO	0.95	kegg_decoder+foam	inhibitor	Methanogenesis (CO2→CH4)	Methanogenesis (M00567); mtd
2.3.6.1	Regulating our global climate	K00320	KO	0.95	kegg_decoder+foam	inhibitor	Methanogenesis (CO2→CH4)	Methanogenesis (M00567); mer
2.3.6.1	Regulating our global climate	K00355	KO	0.5	foam	transformer	13_Hydrogen metabolism / Hydrogen production VII (chlorophyta, cyanobacteria)	NQO1
2.3.6.1	Regulating our global climate	K00376	KO	0.90	kegg_decoder+literature	producer	N2O consumption	nosZ nitrous oxide reductase; N2O→N2; only known biological N2O sink
2.3.6.1	Regulating our global climate	K00399	KO	0.95	kegg_decoder+foam	inhibitor	Methanogenesis (CO2→CH4)	Methanogenesis (M00567); mcrA
2.3.6.1	Regulating our global climate	K00401	KO	0.95	kegg_decoder+foam	inhibitor	Methanogenesis (CO2→CH4)	Methanogenesis (M00567); mcrB
2.3.6.1	Regulating our global climate	K00402	KO	0.95	kegg_decoder+foam	inhibitor	Methanogenesis (CO2→CH4)	Methanogenesis (M00567); mcrG
2.3.6.1	Regulating our global climate	K00436	KO	0.5	foam	transformer	13_Hydrogen metabolism / Hydrogen production	hoxH
2.3.6.1	Regulating our global climate	K00440	KO	0.55	foam	inhibitor	14_Methanogenesis / From CO2	frhA
2.3.6.1	Regulating our global climate	K00441	KO	0.55	foam	inhibitor	14_Methanogenesis / From CO2	frhB
2.3.6.1	Regulating our global climate	K00442	KO	0.55	foam	inhibitor	14_Methanogenesis / From CO2	frhD
2.3.6.1	Regulating our global climate	K00443	KO	0.55	foam	inhibitor	14_Methanogenesis / From CO2	frhG
2.3.6.1	Regulating our global climate	K00532	KO	0.5	foam	transformer	13_Hydrogen metabolism / Hydrogen production VII (chlorophyta, cyanobacteria)	E1.12.7.2
2.3.6.1	Regulating our global climate	K00533	KO	0.7	kegg_decoder+foam	transformer	H2 production hydrogenase	FeFe hydrogenase (M00628); E1.12.7.2L
2.3.6.1	Regulating our global climate	K00534	KO	0.7	kegg_decoder+foam	transformer	H2 production hydrogenase	FeFe hydrogenase (M00628); E1.12.7.2S
2.3.6.1	Regulating our global climate	K00577	KO	0.95	kegg_decoder+foam	inhibitor	Methanogenesis (CO2→CH4)	Methanogenesis (M00567); mtrA
2.3.6.1	Regulating our global climate	K00578	KO	0.95	kegg_decoder+foam	inhibitor	Methanogenesis (CO2→CH4)	Methanogenesis (M00567); mtrB
2.3.6.1	Regulating our global climate	K00579	KO	0.95	kegg_decoder+foam	inhibitor	Methanogenesis (CO2→CH4)	Methanogenesis (M00567); mtrC
2.3.6.1	Regulating our global climate	K00580	KO	0.95	kegg_decoder+foam	inhibitor	Methanogenesis (CO2→CH4)	Methanogenesis (M00567); mtrD
2.3.6.1	Regulating our global climate	K00581	KO	0.95	kegg_decoder+foam	inhibitor	Methanogenesis (CO2→CH4)	Methanogenesis (M00567); mtrE
2.3.6.1	Regulating our global climate	K00582	KO	0.95	kegg_decoder+foam	inhibitor	Methanogenesis (CO2→CH4)	Methanogenesis (M00567); mtrF
2.3.6.1	Regulating our global climate	K00583	KO	0.95	kegg_decoder+foam	inhibitor	Methanogenesis (CO2→CH4)	Methanogenesis (M00567); mtrG
2.3.6.1	Regulating our global climate	K00584	KO	0.95	kegg_decoder+foam	inhibitor	Methanogenesis (CO2→CH4)	Methanogenesis (M00567); mtrH
2.3.6.1	Regulating our global climate	K00600	KO	0.7999999999999999	kegg_decoder+foam	producer	Formaldehyde assimilation (methylotrophy)	Formaldehyde assimilation serine (M00346); glyA, SHMT
2.3.6.1	Regulating our global climate	K00615	KO	0.85	kegg_decoder	producer	Calvin cycle (CO2 fixation)	Calvin cycle (M00165)
2.3.6.1	Regulating our global climate	K00672	KO	0.95	kegg_decoder+foam	inhibitor	Methanogenesis (CO2→CH4)	Methanogenesis (M00567); ftr
2.3.6.1	Regulating our global climate	K00830	KO	0.7999999999999999	kegg_decoder+foam	producer	Formaldehyde assimilation (methylotrophy)	Formaldehyde assimilation serine (M00346); AGXT
2.3.6.1	Regulating our global climate	K00855	KO	0.85	kegg_decoder	producer	Calvin cycle (CO2 fixation)	Calvin cycle (M00165)
2.3.6.1	Regulating our global climate	K00925	KO	0.55	foam	inhibitor	14_Methanogenesis / From acetate	ackA
2.3.6.1	Regulating our global climate	K00927	KO	0.85	kegg_decoder	producer	Calvin cycle (CO2 fixation)	Calvin cycle (M00165)
2.3.6.1	Regulating our global climate	K01057	KO	0.5	foam	producer	15_Methylotrophy / RuMP pathway for formaldehyde fixation (first two steps are common to both RuMP pathway variants)	PGLS, pgl, devB
2.3.6.1	Regulating our global climate	K01070	KO	0.5	foam	producer	15_Methylotrophy / Formaldehyde oxidation (glutathione-dependent)	frmB, ESD, fghA
2.3.6.1	Regulating our global climate	K01491	KO	0.9	kegg_decoder+foam	producer	Wood-Ljungdahl pathway (CO2 fixation)	Wood-Ljungdahl (M00377); folD
2.3.6.1	Regulating our global climate	K01499	KO	0.95	kegg_decoder+foam	inhibitor	Methanogenesis (CO2→CH4)	Methanogenesis (M00567); mch
2.3.6.1	Regulating our global climate	K01595	KO	0.7999999999999999	kegg_decoder+foam	producer	Formaldehyde assimilation (methylotrophy)	Formaldehyde assimilation serine (M00346); ppc
2.3.6.1	Regulating our global climate	K01601	KO	0.85	kegg_decoder	producer	Calvin cycle (CO2 fixation)	Calvin cycle (M00165)
2.3.6.1	Regulating our global climate	K01602	KO	0.85	kegg_decoder	producer	Calvin cycle (CO2 fixation)	Calvin cycle (M00165)
2.3.6.1	Regulating our global climate	K01623	KO	0.85	kegg_decoder	producer	Calvin cycle (CO2 fixation)	Calvin cycle (M00165)
2.3.6.1	Regulating our global climate	K01624	KO	0.85	kegg_decoder	producer	Calvin cycle (CO2 fixation)	Calvin cycle (M00165)
2.3.6.1	Regulating our global climate	K01648	KO	0.8	kegg_decoder	producer	Reductive TCA cycle (CO2 fixation)	rTCA (M00173)
2.3.6.1	Regulating our global climate	K01689	KO	0.7	kegg_decoder	producer	Formaldehyde assimilation (methylotrophy)	Formaldehyde assimilation serine (M00346)
2.3.6.1	Regulating our global climate	K01807	KO	0.85	kegg_decoder	producer	Calvin cycle (CO2 fixation)	Calvin cycle (M00165)
2.3.6.1	Regulating our global climate	K01808	KO	0.85	kegg_decoder	producer	Calvin cycle (CO2 fixation)	Calvin cycle (M00165)
2.3.6.1	Regulating our global climate	K01895	KO	0.55	foam	inhibitor	14_Methanogenesis / From acetate	ACSS1_2, acs
2.3.6.1	Regulating our global climate	K01902	KO	0.8	kegg_decoder	producer	Reductive TCA cycle (CO2 fixation)	rTCA (M00173)
2.3.6.1	Regulating our global climate	K01903	KO	0.8	kegg_decoder	producer	Reductive TCA cycle (CO2 fixation)	rTCA (M00173)
2.3.6.1	Regulating our global climate	K01938	KO	0.9	kegg_decoder+foam	producer	Wood-Ljungdahl pathway (CO2 fixation)	Wood-Ljungdahl (M00377); fhs
2.3.6.1	Regulating our global climate	K01961	KO	0.75	kegg_decoder	producer	3-Hydroxypropionate bi-cycle (CO2 fixation)	3-HP (M00376)
2.3.6.1	Regulating our global climate	K01962	KO	0.75	kegg_decoder	producer	3-Hydroxypropionate bi-cycle (CO2 fixation)	3-HP (M00376)
2.3.6.1	Regulating our global climate	K01964	KO	0.75	kegg_decoder	producer	3-Hydroxypropionate bi-cycle (CO2 fixation)	3-HP (M00376)
2.3.6.1	Regulating our global climate	K02305	KO	0.85	kegg_decoder	inhibitor	N2O production	norC nitric oxide reductase subunit C; N2O production
2.3.6.1	Regulating our global climate	K02636	KO	0.5	foam	transformer	13_Hydrogen metabolism / Hydrogen production VII (chlorophyta, cyanobacteria)	petC
2.3.6.1	Regulating our global climate	K02689	KO	0.85	kegg_decoder	producer	Photosystem I (oxygenic photosynthesis)	PSI (M00163)
2.3.6.1	Regulating our global climate	K02690	KO	0.85	kegg_decoder	producer	Photosystem I (oxygenic photosynthesis)	PSI (M00163)
2.3.6.1	Regulating our global climate	K02694	KO	0.85	kegg_decoder	producer	Photosystem I (oxygenic photosynthesis)	PSI (M00163)
2.3.6.1	Regulating our global climate	K02703	KO	0.85	kegg_decoder	producer	Photosystem II (oxygenic photosynthesis)	PSII (M00161)
2.3.6.1	Regulating our global climate	K02704	KO	0.85	kegg_decoder	producer	Photosystem II (oxygenic photosynthesis)	PSII (M00161)
2.3.6.1	Regulating our global climate	K02705	KO	0.85	kegg_decoder	producer	Photosystem II (oxygenic photosynthesis)	PSII (M00161)
2.3.6.1	Regulating our global climate	K02706	KO	0.85	kegg_decoder	producer	Photosystem II (oxygenic photosynthesis)	PSII (M00161)
2.3.6.1	Regulating our global climate	K03388	KO	0.55	foam	inhibitor	14_Methanogenesis / From CO2	hdrA2
2.3.6.1	Regulating our global climate	K03389	KO	0.55	foam	inhibitor	14_Methanogenesis / From CO2	hdrB2
2.3.6.1	Regulating our global climate	K03390	KO	0.55	foam	inhibitor	14_Methanogenesis / From CO2	hdrC2
2.3.6.1	Regulating our global climate	K03396	KO	0.5	foam	producer	15_Methylotrophy / Formaldehyde oxidation (glutathione-dependent)	gfa
2.3.6.1	Regulating our global climate	K03518	KO	0.5	foam	transformer	13_Hydrogen metabolism / Hydrogen production	coxS
2.3.6.1	Regulating our global climate	K03519	KO	0.5	foam	transformer	13_Hydrogen metabolism / Hydrogen production	coxM, cutM
2.3.6.1	Regulating our global climate	K03520	KO	0.5	foam	transformer	13_Hydrogen metabolism / Hydrogen production	coxL, cutL
2.3.6.1	Regulating our global climate	K03841	KO	0.85	kegg_decoder	producer	Calvin cycle (CO2 fixation)	Calvin cycle (M00165)
2.3.6.1	Regulating our global climate	K04480	KO	0.55	foam	inhibitor	14_Methanogenesis / From methanol	mtaB
2.3.6.1	Regulating our global climate	K04561	KO	0.85	kegg_decoder	inhibitor	N2O production	norB nitric oxide reductase; produces N2O greenhouse gas from NO
2.3.6.1	Regulating our global climate	K06281	KO	0.7	kegg_decoder+foam	transformer	H2 uptake hydrogenase	NiFe hydrogenase (M00627); hyaB, hybC
2.3.6.1	Regulating our global climate	K06282	KO	0.7	kegg_decoder+foam	transformer	H2 uptake hydrogenase	NiFe hydrogenase (M00627); hyaA, hybO
2.3.6.1	Regulating our global climate	K06441	KO	0.5	foam	transformer	13_Hydrogen metabolism / Hydrogen production VII (chlorophyta, cyanobacteria)	E1.12.7.2G
2.3.6.1	Regulating our global climate	K08348	KO	0.5	foam	producer	15_Methylotrophy / Methane oxidation to cO2	fdnG
2.3.6.1	Regulating our global climate	K08349	KO	0.5	foam	producer	15_Methylotrophy / Methane oxidation to cO2	fdnH
2.3.6.1	Regulating our global climate	K08350	KO	0.5	foam	producer	15_Methylotrophy / Methane oxidation to cO2	fdnI
2.3.6.1	Regulating our global climate	K08684	KO	0.5	foam	producer	15_Methylotrophy / Methane oxydation	
2.3.6.1	Regulating our global climate	K08685	KO	0.5	foam	producer	15_Methylotrophy / Methylamine to formaldehyde	qhpA
2.3.6.1	Regulating our global climate	K08691	KO	0.85	kegg_decoder+foam	producer	3-Hydroxypropionate bi-cycle (CO2 fixation)	3-HP (M00376); mcl
2.3.6.1	Regulating our global climate	K08692	KO	0.5	foam	producer	15_Methylotrophy / Serine pathway for formaldehyde fixation	mtkB
2.3.6.1	Regulating our global climate	K09709	KO	0.75	kegg_decoder	producer	3-Hydroxypropionate bi-cycle (CO2 fixation)	3-HP (M00376)
2.3.6.1	Regulating our global climate	K10713	KO	0.5	foam	producer	15_Methylotrophy / Formaldehyde oxidation (h4mpt pathway)	fae
2.3.6.1	Regulating our global climate	K10714	KO	0.5	foam	producer	15_Methylotrophy / Formaldehyde oxidation (h4mpt pathway)	mtdB
2.3.6.1	Regulating our global climate	K10944	KO	0.9	kegg_decoder	producer	Methane oxidation (CH4→CO2)	Methane oxidation (M00174)
2.3.6.1	Regulating our global climate	K10945	KO	0.9	kegg_decoder	producer	Methane oxidation (CH4→CO2)	Methane oxidation (M00174)
2.3.6.1	Regulating our global climate	K10946	KO	0.9	kegg_decoder	producer	Methane oxidation (CH4→CO2)	Methane oxidation (M00174)
2.3.6.1	Regulating our global climate	K11260	KO	0.55	foam	inhibitor	14_Methanogenesis / From CO2	fwdG
2.3.6.1	Regulating our global climate	K11261	KO	0.55	foam	inhibitor	14_Methanogenesis / From CO2	fwdE, fmdE
2.3.6.1	Regulating our global climate	K11532	KO	0.85	kegg_decoder	producer	Calvin cycle (CO2 fixation)	Calvin cycle (M00165)
2.3.6.1	Regulating our global climate	K13402	KO	0.5	foam	producer	15_Methylotrophy / Formaldehyde oxidation (tetrahydrofolate pathway)	MTHFD1L
2.3.6.1	Regulating our global climate	K13403	KO	0.5	foam	producer	15_Methylotrophy / Formaldehyde oxidation (tetrahydrofolate pathway)	MTHFD2
2.3.6.1	Regulating our global climate	K13942	KO	0.55	foam	inhibitor	14_Methanogenesis / From CO2	hmd
2.3.6.1	Regulating our global climate	K14028	KO	0.80	literature:PMID:36585489	producer	N2O reduction	nosZ clade II; N2O → N2; major N2O sink in wetlands; Zhang et al 2022
2.3.6.1	Regulating our global climate	K14029	KO	0.5	foam	producer	15_Methylotrophy / Methanol oxidation to formaldehyde	mdh2, mxaI
2.3.6.1	Regulating our global climate	K14067	KO	0.5	foam	producer	15_Methylotrophy / Serine pathway for formaldehyde fixation	mtkA
2.3.6.1	Regulating our global climate	K14080	KO	0.55	foam	inhibitor	14_Methanogenesis / From methanol	mtaA
2.3.6.1	Regulating our global climate	K14081	KO	0.55	foam	inhibitor	14_Methanogenesis / From methanol	mtaC
2.3.6.1	Regulating our global climate	K14082	KO	0.55	foam	inhibitor	14_Methanogenesis / From methylamine	mtbA
2.3.6.1	Regulating our global climate	K14083	KO	0.55	foam	inhibitor	14_Methanogenesis / From trimethylamine	mttB
2.3.6.1	Regulating our global climate	K14084	KO	0.55	foam	inhibitor	14_Methanogenesis / From trimethylamine	mttC
2.3.6.1	Regulating our global climate	K14138	KO	0.9	kegg_decoder+foam	producer	Wood-Ljungdahl pathway (CO2 fixation)	Wood-Ljungdahl (M00377); acsB
2.3.6.1	Regulating our global climate	K14468	KO	0.75	kegg_decoder	producer	3-Hydroxypropionate bi-cycle (CO2 fixation)	3-HP (M00376)
2.3.6.1	Regulating our global climate	K14469	KO	0.75	kegg_decoder	producer	3-Hydroxypropionate bi-cycle (CO2 fixation)	3-HP (M00376)
2.3.6.1	Regulating our global climate	K15022	KO	0.8	kegg_decoder	producer	Wood-Ljungdahl pathway (CO2 fixation)	Wood-Ljungdahl (M00377)
2.3.6.1	Regulating our global climate	K15023	KO	0.8	kegg_decoder	producer	Wood-Ljungdahl pathway (CO2 fixation)	Wood-Ljungdahl (M00377)
2.3.6.1	Regulating our global climate	K15228	KO	0.5	foam	producer	15_Methylotrophy / Methylamine to formaldehyde	mauA
2.3.6.1	Regulating our global climate	K15229	KO	0.5	foam	producer	15_Methylotrophy / Methylamine to formaldehyde	mauB
2.3.6.1	Regulating our global climate	K15230	KO	0.8	kegg_decoder	producer	Reductive TCA cycle (CO2 fixation)	rTCA (M00173)
2.3.6.1	Regulating our global climate	K15231	KO	0.8	kegg_decoder	producer	Reductive TCA cycle (CO2 fixation)	rTCA (M00173)
2.3.6.1	Regulating our global climate	K16154	KO	0.5	foam	producer	15_Methylotrophy / Methane oxidation to cO2	
2.3.6.1	Regulating our global climate	K16155	KO	0.5	foam	producer	15_Methylotrophy / Methane oxidation to cO2	
2.3.6.1	Regulating our global climate	K16156	KO	0.5	foam	producer	15_Methylotrophy / Methane oxidation to cO2	
2.3.6.1	Regulating our global climate	K16157	KO	0.95	kegg_decoder+foam	producer	Methane oxidation (CH4→CO2)	Methane oxidation (M00174); mmoX
2.3.6.1	Regulating our global climate	K16158	KO	0.95	kegg_decoder+foam	producer	Methane oxidation (CH4→CO2)	Methane oxidation (M00174); mmoY
2.3.6.1	Regulating our global climate	K16159	KO	0.95	kegg_decoder+foam	producer	Methane oxidation (CH4→CO2)	Methane oxidation (M00174); mmoZ
2.3.6.1	Regulating our global climate	K16160	KO	0.95	kegg_decoder+foam	producer	Methane oxidation (CH4→CO2)	Methane oxidation (M00174); mmoB
2.3.6.1	Regulating our global climate	K16161	KO	0.95	kegg_decoder+foam	producer	Methane oxidation (CH4→CO2)	Methane oxidation (M00174); mmoC
2.3.6.1	Regulating our global climate	K16162	KO	0.95	kegg_decoder+foam	producer	Methane oxidation (CH4→CO2)	Methane oxidation (M00174); mmoD
2.3.6.1	Regulating our global climate	K16176	KO	0.55	foam	inhibitor	14_Methanogenesis / From methylamine	mtmB
2.3.6.1	Regulating our global climate	K16177	KO	0.55	foam	inhibitor	14_Methanogenesis / From methylamine	mtmC
2.3.6.1	Regulating our global climate	K16178	KO	0.55	foam	inhibitor	14_Methanogenesis / From dimethylamine	mtbB
2.3.6.1	Regulating our global climate	K16179	KO	0.55	foam	inhibitor	14_Methanogenesis / From dimethylamine	mtbC
2.3.6.1	Regulating our global climate	K16254	KO	0.5	foam	producer	15_Methylotrophy / Methanol oxidation to formaldehyde	mxaJ
2.3.6.1	Regulating our global climate	K16255	KO	0.5	foam	producer	15_Methylotrophy / Methanol oxidation to formaldehyde	mxaG
2.3.6.1	Regulating our global climate	K16256	KO	0.5	foam	producer	15_Methylotrophy / Methanol oxidation to formaldehyde	mxaA
2.3.6.1	Regulating our global climate	K16257	KO	0.5	foam	producer	15_Methylotrophy / Methanol oxidation to formaldehyde	mxaC
2.3.6.1	Regulating our global climate	K16258	KO	0.5	foam	producer	15_Methylotrophy / Methanol oxidation to formaldehyde	mxaK
2.3.6.1	Regulating our global climate	K16259	KO	0.5	foam	producer	15_Methylotrophy / Methanol oxidation to formaldehyde	mxaL
2.3.6.1	Regulating our global climate	K16260	KO	0.5	foam	producer	15_Methylotrophy / Methanol oxidation to formaldehyde	mxaD
2.3.6.1	Regulating our global climate	K22622	KO	0.75	kegg_decoder	transformer	Thiosulfate oxidation (Sox)	soxY thiosulfate oxidation; S-compound cycling affects ocean climate
2.3.6.2	Regulating the physical quality of air for people	K16953	KO	0.80	literature:PMID:34693622	producer	DMSP cleavage to DMS	dddP DMSP lyase; produces DMS (climate-active gas); Sun et al 2021 Environ Microbiol
2.3.6.2	Regulating the physical quality of air for people	K17285	KO	0.70	literature:PMID:37306587	producer	DMSP cleavage to DMS	dddL DMSP lyase; DMS production in marine bacteria; Cheng et al 2023
2.3.6.2	Regulating the physical quality of air for people	K17486	KO	0.80	literature:PMID:34693622	inhibitor	DMSP demethylation	dmdA DMSP demethylase; shunts DMSP away from DMS production; Sun et al 2021
2.3.6.2	Regulating the physical quality of air for people	K20034	KO	0.70	literature:PMID:20880330	producer	DMSP cleavage to DMS	dddQ DMSP lyase (cupin family); DMS production in roseobacters; Todd et al 2010
2.3.6.2	Regulating the physical quality of air for people	K21139	KO	0.75	literature:PMID:35883169	producer	DMSP cleavage to DMS	dddD DMSP lyase (CoA transferase family); DMS + 3-OH-propionate; Liu et al 2022 Microbiome
